COLEGIO_NAME,DONE
CP INF-PRI JOAQUIN COSTA,1
CP INF-PRI LEGADO CRESPO,1
CP INF-PRI MARQUES DE MARCENADO,1
CP INF-PRI MENENDEZ Y PELAYO,1
CP INF-PRI MIGUEL DE UNAMUNO,1
CP INF-PRI PLACIDO DOMINGO,1
CP INF-PRI SAN EUGENIO Y SAN ISIDRO,1
CP INF-PRI TIRSO DE MOLINA,1
CP INF-PRI TOMAS BRETON,1
CEPA ARGANZUELA,1
IES GRAN CAPITÁN,1
IES JUAN DE LA CIERVA,1
CP INF-PRI CALDERON DE LA BARCA,1
CP INF-PRI CIUDAD DE GUADALAJARA,1
CP INF-PRI CIUDAD DE ZARAGOZA,1
CP INF-PRI MARGARET THATCHER,1
CP INF-PRI NURIA ESPERT,1
IES ALAMEDA DE OSUNA,1
IES BARAJAS,1
EEI LOS TITERES,1
EEI ROGER DE FLOR,1
CP INF-PRI ANTONIO MACHADO,1
CP INF-PRI ARCIPRESTE DE HITA,1
CP INF-PRI CAPITAN CORTES,1
CP INF-PRI CONCEPCION ARENAL,1
CP INF-PRI GONZALO DE BERCEO,1
CP INF-PRI HAITI,1
CP INF-PRI ISAAC PERAL,1
CP INF-PRI JULIAN BESTEIRO,1
CP INF-PRI LOPE DE VEGA,1
CP INF-PRI MAESTRO PADILLA,1
CP INF-PRI MIGUEL SERVET,1
CP INF-PRI PARQUE EUGENIA DE MONTIJO,1
CP INF-PRI PERU,1
CP INF-PRI PINAR DE SAN JOSE,1
CP INF-PRI REPUBLICA DE COLOMBIA,1
CP INF-PRI REPUBLICA DE ECUADOR,1
CP INF-PRI REPUBLICA DOMINICANA,1
CP INF-PRI SAN IGNACIO DE LOYOLA,1
CP EE INMACULADA CONCEPCION,1
CP EE MARIA SORIANO,1
CEPA OPORTO,1
CEPA PAN BENDITO,1
CEPA VISTA ALEGRE,1
UFIL PUERTA BONITA,1
CET PRADERA DE SAN ISIDRO,1
IES CALDERON DE LA BARCA,1
IES EMILIO CASTELAR,1
IES EMPERATRIZ MARIA DE AUSTRIA,1
IES FRANCISCO AYALA,1
IES PUERTA BONITA,1
IES RENACIMIENTO,1
IES VISTA ALEGRE,1
EOEP GENERAL EQUIPO GENERAL,1
CP INF-PRI ANTONIO MORENO ROSALES,1
CP INF-PRI EMILIA PARDO BAZAN,1
CP INF-PRI ISABEL LA CATOLICA,1
CP INF-PRI NUESTRA SEÑORA DE LA,1
CP INF-PRI PALACIO VALDES,1
CP INF-PRI PI I MARGALL,1
CP INF-PRI SAN ILDEFONSO,1
CP INF-PRI SANTA MARIA,1
CP INF-PRI VAZQUEZ DE MELLA,1
CEPA DISTRITO CENTRO,1
IES CARDENAL CISNEROS,1
IES CERVANTES,1
IES LOPE DE VEGA,1
IES SAN ISIDRO,1
IES SANTA TERESA DE JESUS,1
EOEP GENERAL EQUIPO GENERAL CENTRO-,1
EEI ROSA,1
CP INF-PRI ARQUITECTO GAUDI,1
CP INF-PRI ISAAC ALBENIZ,1
CP INF-PRI LUIS BELLO,1
CP INF-PRI PADRE POVEDA,1
CP INF-PRI PATRIARCA OBISPO EIJO,1
CP INF-PRI PINTOR ROSALES,1
CP INF-PRI RAMIRO DE MAEZTU,1
CP INF-PRI SAN JUAN DE LA CRUZ,1
IES CLARA DEL REY,1
IES RAMIRO DE MAEZTU,1
IES SANTAMARCA,1
EEI EL VALLE,1
EEI VALLEHERMOSO,1
CP INF-PRI CERVANTES,1
CP INF-PRI CLAUDIO MOYANO,1
CP INF-PRI DE PRACTICAS ASUNCION,1
CP INF-PRI FERNANDO EL CATOLICO,1
CP INF-PRI RUFINO BLANCO,1
CP INF-PRI SAN CRISTOBAL,1
IES FORTUNY,1
IES ISLAS FILIPINAS,1
IES JOAQUÍN TURINA,1
IES SAN ISIDORO DE SEVILLA,1
IES SANTA ENGRACIA,1
EEI EL ENCINAR,1
EEI EL PILAR,1
CP INF-PRI CARLOS V,1
CP INF-PRI CONDE DE ROMANONES,1
CP INF-PRI GANDHI,1
CP INF-PRI GUSTAVO ADOLFO BECQUER,1
CP INF-PRI JOAQUIN TURINA,1
CP INF-PRI LEOPOLDO ALAS,1
CP INF-PRI MEJICO,1
CP INF-PRI MIGUEL BLASCO VILATELA,1
CP INF-PRI NUESTRA SEÑORA DE LA,1
CP INF-PRI SAN BENITO,1
CP INF-PRI SAN JUAN BAUTISTA,1
CP INF-PRI SAN JUAN BOSCO,1
CP EE INFANTA ELENA,1
CEPA CIUDAD LINEAL,1
IES BARRIO DE BILBAO,1
IES FRANCISCO DE GOYA,1
IES MIGUEL DELIBES,1
IES SALVADOR DALÍ,1
IES SAN JUAN BAUTISTA,1
EEI EL BELEN,1
CP INF-PRI ALHAMBRA,1
CP INF-PRI ANTONIO FONTAN,1
CP INF-PRI BLAS DE LEZO,1
CP INF-PRI BRAVO MURILLO,1
CP INF-PRI BREOGAN,1
CP INF-PRI CAMILO JOSE CELA,1
CP INF-PRI CARDENAL HERRERA ORIA,1
CP INF-PRI COMPLEJO ESCOLAR PRINCIPE,1
CP INF-PRI GABRIELA MISTRAL,1
CP INF-PRI INFANTA LEONOR,1
CP INF-PRI JORGE GUILLEN,1
CP INF-PRI JOSE BERGAMIN,1
CP INF-PRI JOSEP TARRADELLAS,1
CP INF-PRI LEOPOLDO CALVO-SOTELO,1
CP INF-PRI LORENZO LUZURIAGA,1
CP INF-PRI LUIS DE GONGORA,1
CP INF-PRI MIRASIERRA,1
CP INF-PRI MONTE DE EL PARDO,1
CP INF-PRI PRINCIPE DE ASTURIAS,1
CP INF-PRI RABINDRANATH TAGORE,0
CP INF-PRI REPUBLICA DEL PARAGUAY,0
CP INF-PRI VASCO NUÑEZ DE BALBOA,0
CP EE FRANCISCO DEL POZO,0
CP EE LA QUINTA,0
CEPA FUENCARRAL,0
CEPA JOSE LUIS SAMPEDRO,0
A. HOSP. AULA HOSPITALARIA LA PAZ,0
A. HOSP. AULA HOSPITALARIA RAMON Y,0
IES CARDENAL HERRERA ORIA,0
IES CIUDAD ESCOLAR,0
IES DAMASO ALONSO,0
IES GREGORIO MARAÑON,0
IES HOTEL ESCUELA DE LA COMUNIDAD DE,0
IES ISAAC NEWTON,0
IES MALALA YOUSAFZAI,0
IES MIRASIERRA,0
IES PRINCIPE FELIPE,0
IES SAN FERNANDO,0
EOEP GENERAL EQUIPO GENERAL TETUAN-,0
EEI EL CARMEN,0
EEI LA ALMUDENA,0
EEI PARQUE DE HORTALEZA,0
CP INF-PRI ALFREDO DI STEFANO,0
CP INF-PRI CORTES DE CADIZ,0
CP INF-PRI DIONISIO RIDRUEJO,0
CP INF-PRI ESPERANZA,0
CP INF-PRI FILOSOFO SENECA,0
CP INF-PRI GARCILASO DE LA VEGA,0
CP INF-PRI HORTALEZA,0
CP INF-PRI JUAN ZARAGUETA,0
CP INF-PRI LUIS CERNUDA,0
CP INF-PRI MENDEZ NUNEZ,0
CP INF-PRI PABLO PICASSO,0
CP INF-PRI PINAR DEL REY,0
CP INF-PRI RAMON PEREZ DE AYALA,0
CP INF-PRI SAN MIGUEL,0
CP INF-PRI VIRGEN DEL CORTIJO,0
CP EE PRINCESA SOFIA,0
CEPA DULCE CHACON,0
CEPA HORTALEZA-MAR AMARILLO,0
CEPA PABLO GUZMAN,0
CET NORTE,0
IES ARTURO SORIA,0
IES CONDE DE ORGAZ,0
IES FRANCISCO TOMAS Y VALIENTE,0
IES GABRIEL GARCIA MARQUEZ,0
IES MANUEL FRAGA IRIBARNE,0
IES RAMON Y CAJAL,0
IES ROSA CHACEL,0
CP INF-PRI-SEC ADOLFO SUAREZ,0
EOEP ATEN-TEMPR EQUIPO ATENCION,0
EOEP GENERAL EQUIPO GENERAL,0
EEI CHAVALITOS,0
EEI LAS MARAVILLAS,0
EEI PUERTA DEL ANGEL,0
CP INF-PRI ALCALDE DE MOSTOLES,0
CP INF-PRI AMADEO VIVES,0
CP INF-PRI BOLIVIA,0
CP INF-PRI CIUDAD DE BADAJOZ,0
CP INF-PRI COSTA RICA,0
CP INF-PRI CUBA,0
CP INF-PRI ERMITA DEL SANTO,0
CP INF-PRI FRANCISCO ARRANZ,0
CP INF-PRI FRANCISCO DE GOYA,0
CP INF-PRI GONZALO FERNANDEZ DE,0
CP INF-PRI HERMANOS PINZON,0
CP INF-PRI HERNAN CORTES,0
CP INF-PRI JOAQUIN DICENTA,0
CP INF-PRI JOVELLANOS,0
CP INF-PRI LA DEHESA DEL PRINCIPE,0
CP INF-PRI LA LATINA,0
CP INF-PRI MANUEL BARTOLOME COSSIO,0
CP INF-PRI NUESTRA SEÑORA DEL LUCERO,0
CP INF-PRI PARQUE ALUCHE,0
CP INF-PRI REPUBLICA DEL URUGUAY,0
CP EE FRAY PEDRO PONCE DE LEON,0
CEPA ALUCHE,0
CEPA CID CAMPEADOR LAS AGUILAS -,0
UFIL CID CAMPEADOR,0
IES BLAS DE OTERO,0
IES EIJO Y GARAY,0
IES GARCIA MORATO,0
IES ITURRALDE,0
IES LEONARDO DA VINCI,0
IES MARIA DE MOLINA,0
IES MARIANO JOSE DE LARRA,0
IES PARQUE ALUCHE,0
EOEP ATEN-TEMPR EQUIPO ATENCION,0
EOEP GENERAL EQUIPO GENERAL LATINA,0
CP INF-PRI ARAVACA,0
CP INF-PRI DANIEL VAZQUEZ DIAZ,0
CP INF-PRI EE.UU. DE AMERICA-HUARTE,0
CP INF-PRI ESCUELAS BOSQUE,0
CP INF-PRI EUGENIO MARIA DE HOSTOS,0
CP INF-PRI FERNANDEZ MORATIN,0
CP INF-PRI LEPANTO,0
CP INF-PRI PORTUGAL,0
CP INF-PRI ROSA LUXEMBURGO,0
CEPA MONCLOA,0
"A. HOSP. CATEDRA DE PEDIATRIA,",0
IES CIUDAD DE LOS POETAS,0
IES EL LAGO,0
IES ESCUELA SUPERIOR DE HOSTELERIA Y,0
IES ORTEGA Y GASSET,0
IES VIRGEN DE LA PALOMA,0
CP IFP ESCUELA DE LA VID,0
EOEP GENERAL EQUIPO GENERAL,0
EEI GAIA,0
CP INF-PRI DOCTOR CONDE ARRUGA,0
CP INF-PRI FONTARRON,0
CP INF-PRI FRANCISCO DE LUIS,0
CP INF-PRI MANUEL SAINZ DE VICUÑA,0
CP INF-PRI MARTINEZ MONTAÑES,0
CP INF-PRI MENENDEZ PIDAL,0
CP INF-PRI PASAMONTE,0
CP INF-PRI PIO BAROJA,0
CP INF-PRI REAL ARMADA,0
CP INF-PRI REGIMIENTO INMEMORIAL DEL,0
CEPA CULTURAL MORATALAZ,0
UFIL SIERRA PALOMERAS,0
IES CARLOS MARIA RODRIGUEZ DE,0
IES FELIPE II,0
IES JUANA DE CASTILLA,0
IES MARIANA PINEDA,0
IES MORATALAZ,0
IES REY PASTOR,0
EOEP ATEN-TEMPR EQUIPO ATENCION,0
EOEP GENERAL EQUIPO GENERAL,0
EEI ALFAR,0
EEI EL MADROÑAL,0
EEI LOS DELFINES,0
EEI LOS GIRASOLES,0
EEI RETAMAR,0
EEI ZALEO,0
CP INF-PRI AGUSTINA DIEZ,0
CP INF-PRI AMOS ACERO,0
CP INF-PRI ARAGON,0
CP INF-PRI ASTURIAS,0
CP INF-PRI CARLOS SAINZ DE LOS,0
CP INF-PRI CONCHA ESPINA,0
CP INF-PRI DOCTOR TOLOSA LATOUR,0
CP INF-PRI EDUARDO ROJO,0
CP INF-PRI EL MADROÑO,0
CP INF-PRI FRANCISCO RUANO,0
CP INF-PRI FRAY JUNIPERO SERRA,0
CP INF-PRI GARCIA MORENTE,0
CP INF-PRI GINER DE LOS RIOS,0
CP INF-PRI JAIME BALMES,0
CP INF-PRI JAVIER DE MIGUEL,0
CP INF-PRI JOSE MARIA DE PEREDA,0
CP INF-PRI LA RIOJA,0
CP INF-PRI MADRID-SUR,0
CP INF-PRI MANUEL NUÑEZ DE ARENAS,0
CP INF-PRI MESONERO ROMANOS,0
CP INF-PRI PADRE MARIANA,0
CP INF-PRI PALOMERAS BAJAS,0
CP INF-PRI SAN PABLO,0
CP INF-PRI SANTO DOMINGO,0
CP INF-PRI VIRGEN DEL CERRO,0
CEPA ENTREVIAS,0
CEPA LA ALBUFERA,0
UFIL TIERRUCA,0
IES ANTONIO DOMINGUEZ ORTIZ,0
IES ARCIPRESTE DE HITA,0
IES MADRID-SUR,0
IES NUMANCIA,0
IES PALOMERAS VALLECAS,0
IES TIRSO DE MOLINA,0
IES VALLECAS I,0
IES VALLECAS-MAGERIT,0
EOEP ATEN-TEMPR EQUIPO ATENCION,0
EOEP GENERAL EQUIPO GENERAL PUENTE,0
CP INF-PRI CIUDAD DE ROMA,0
CP INF-PRI ESCUELAS AGUIRRE,0
CP INF-PRI FRANCISCO DE QUEVEDO,0
CP INF-PRI JOSE CALVO SOTELO,0
CP INF-PRI NUESTRA SEÑORA DE LA,0
CP INF-PRI SAN ISIDORO,0
A. HOSP. HOSPITAL DEL NIÑO JESUS,0
A. HOSP. HOSPITAL GREGORIO MARAÑON,0
IES ISABEL LA CATOLICA,0
IES LA ESTRELLA,0
IES PACIFICO,0
EOEP GENERAL EQUIPO GENERAL RETIRO-,0
CP INF-PRI AMADOR DE LOS RIOS,0
CP INF-PRI GUINDALERA,0
CP INF-PRI REINA VICTORIA,0
CEPA JOAQUIN SOROLLA,0
IES AVENIDA DE LOS TOREROS,0
IES BEATRIZ GALINDO,0
EEI ORI-ORI,0
CP INF-PRI ALBERTO ALCOCER,0
CP INF-PRI ALVARO DE BAZAN,0
CP INF-PRI CARMEN CABEZUELO,0
CP INF-PRI CIUDAD PEGASO,0
CP INF-PRI EL SOL,0
CP INF-PRI JULIAN MARIAS,0
CP INF-PRI LA ALAMEDA,0
CP INF-PRI MARIA MOLINER,0
CP INF-PRI MARIANO JOSE DE LARRA,0
CP INF-PRI MARQUES DE SUANZES,0
CP INF-PRI PADRE COLOMA,0
CP INF-PRI RAMON MARIA DEL VALLE,0
CP INF-PRI REPUBLICA DE CHILE,0
CP INF-PRI REPUBLICA DE PANAMA Nº 1,0
CP EE FUNDACION GOYENECHE,0
CEPA CANILLEJAS,0
CEPA LAS ROSAS,0
IES ALFREDO KRAUS,0
IES BARRIO SIMANCAS,0
IES CARLOS III,0
IES FRANCISCO DE QUEVEDO,0
IES GÓMEZ MORENO,0
IES LAS MUSAS,0
IES MARQUES DE SUANZES,0
IES SAN BLAS,0
EOEP ESPECÍFICO ALTAS CAPACIDADES,0
EOEP ESPECÍFICO DEFICIENCIAS,0
EOEP ESPECÍFICO DEFICIENCIAS,0
EOEP ESPECÍFICO DEFICIENCIAS VISUALES,0
EOEP ESPECÍFICO DIFICULTADES DE,0
EOEP ESPECÍFICO E.E. ALTERACIONES,0
EOEP ATEN-TEMPR EQUIPO ATENCION,0
EOEP GENERAL EQUIPO GENERAL SAN,0
EEI LA PLAZUELA,0
EEI LOS ANGELES,0
CP INF-PRI DOCTOR FEDERICO RUBIO,0
CP INF-PRI FELIPE II,0
CP INF-PRI IGNACIO ZULOAGA,0
CP INF-PRI JAIME VERA,0
CP INF-PRI JOSE ORTEGA Y GASSET,0
CP INF-PRI JUAN RAMON JIMENEZ,0
CP INF-PRI PIO XII,0
CEPA TETUAN,0
IES JAIME VERA,0
IES NUESTRA SEÑORA DE LA ALMUDENA,0
IES TETUAN DE LAS VICTORIAS,0
EOEP ATEN-TEMPR EQUIPO ATENCION,0
EEI ALBAICIN,0
EEI LA JARA,0
EEI PRADOLONGO,0
EEI SAN FERMIN,0
EEI ZOFIO,0
CP INF-PRI CIUDAD DE JAEN,0
CP INF-PRI GLORIA FUERTES,0
CP INF-PRI JORGE MANRIQUE,0
CP INF-PRI JUAN SEBASTIAN ELCANO,0
CP INF-PRI MARCELO USERA,0
CP INF-PRI MESETA DE ORCASITAS,0
CP INF-PRI NUESTRA SEÑORA DE LA,0
CP INF-PRI PRADOLONGO,0
CP INF-PRI PUERTO RICO,0
CP INF-PRI REPUBLICA DE VENEZUELA,0
CP INF-PRI REPUBLICA DEL BRASIL,0
CP EE JOAN MIRO,0
CEPA DAOIZ Y VELARDE,0
CEPA ORCASITAS,0
UFIL VIRGEN DE AFRICA,0
A. HOSP. AULA HOSPITALARIA DOCE DE,0
IES CIUDAD DE JAEN,0
IES ENRIQUE TIERNO GALVAN,0
IES JUAN DE VILLANUEVA,0
IES PEDRO SALINAS,0
IES PIO BAROJA,0
IES PRADOLONGO,0
EOEP ATEN-TEMPR EQUIPO ATENCION,0
EOEP GENERAL EQUIPO GENERAL,0
CP INF-PRI ALFONSO X EL SABIO,0
CP INF-PRI CARMEN LAFORET,0
CP INF-PRI DOCTOR SEVERO OCHOA,0
CP INF-PRI LOS ALMENDROS,0
CP INF-PRI PEDRO DUQUE,0
CP INF-PRI VALDEBERNARDO,0
CP INF-PRI VICALVARO,0
CP INF-PRI WINSTON CHURCHILL,0
CEPA VICALVARO,0
IES JOAQUÍN RODRIGO,0
IES VALDEBERNARDO,0
IES VILLABLANCA,0
EEI ARCO IRIS,0
EEI LA PALOMA,0
CP INF-PRI AGUSTIN RODRIGUEZ,0
CP INF-PRI ANGEL NIETO,0
CP INF-PRI BLAS DE OTERO,0
CP INF-PRI CIUDAD DE VALENCIA,0
CP INF-PRI EL QUIJOTE,0
CP INF-PRI FRANCISCO FATOU,0
CP INF-PRI HONDURAS,0
CP INF-PRI JOSE DE ECHEGARAY,0
CP INF-PRI JUAN GRIS,0
CP INF-PRI LOYOLA DE PALACIO,0
CP INF-PRI MARIA DE VILLOTA,0
CP EE VALLECAS,0
CEPA VALLECAS,0
CET VALLECAS,0
IES MARIA RODRIGO,0
IES SANTA EUGENIA,0
IES VILLA DE VALLECAS,0
CP INF-PRI ANTONIO DE NEBRIJA,0
CP INF-PRI AUSIAS MARCH,0
CP INF-PRI AZORIN,0
CP INF-PRI BARCELONA,0
CP INF-PRI CIUDAD DE CORDOBA,0
CP INF-PRI CIUDAD DE LOS ANGELES,0
CP INF-PRI CRISTOBAL COLON,0
CP INF-PRI DAMASO ALONSO,0
CP INF-PRI EL ESPINILLO,0
CP INF-PRI EL GRECO,0
CP INF-PRI JUAN DE LA CIERVA,0
CP INF-PRI LOS ROSALES,0
CP INF-PRI MANUEL DE FALLA,0
CP INF-PRI NAVAS DE TOLOSA,0
CP INF-PRI NUESTRA SEÑORA DE LA LUZ,0
CP INF-PRI RAMON GOMEZ DE LA SERNA,0
CP INF-PRI REPUBLICA DE EL SALVADOR,0
CP INF-PRI SAGUNTO,0
CP INF-PRI SAN CARLOS,0
CP INF-PRI SAN ROQUE,0
CEPA LOS ROSALES,0
CEPA VILLAVERDE,0
IES CELESTINO MUTIS,0
IES CIUDAD DE LOS ÁNGELES,0
IES EL ESPINILLO,0
IES JUAN RAMON JIMÉNEZ,0
IES SAN CRISTOBAL DE LOS ANGELES,0
IES VILLAVERDE,0
CP INF-PRI-SEC SAN BLAS EEI LA COMETA,0
EEI LOS CUENTOS,0
EEI PUERTA DE MADRID,0
CP INF-PRI ALICIA DE LARROCHA,0
CP INF-PRI ANTONIO DE NEBRIJA,0
CP INF-PRI ANTONIO MACHADO,0
CP INF-PRI ANTONIO MINGOTE,0
CP INF-PRI BEATRIZ GALINDO,0
CP INF-PRI CARDENAL CISNEROS,0
CP INF-PRI CERVANTES,0
CP INF-PRI CIUDAD DEL AIRE,0
CP INF-PRI CRISTOBAL COLON,0
CP INF-PRI DAOIZ Y VELARDE,0
CP INF-PRI DOCTORA DE ALCALA,0
CP INF-PRI DULCINEA,0
CP INF-PRI EMPERADOR FERNANDO,0
CP INF-PRI ERNEST HEMINGWAY,0
CP INF-PRI ESPARTALES,0
CP INF-PRI FRANCISCO DE QUEVEDO,0
CP INF-PRI GARCIA LORCA,0
CP INF-PRI INFANTA CATALINA,0
CP INF-PRI IPLACEA,0
CP INF-PRI JUAN DE AUSTRIA,0
CP INF-PRI LA GARENA,0
CP INF-PRI LUIS VIVES,0
CP INF-PRI MANUEL AZAÑA,0
CP INF-PRI MIGUEL HERNANDEZ,0
CP INF-PRI MOZART,0
CP INF-PRI NUESTRA SEÑORA DEL VAL,0
CP INF-PRI PABLO NERUDA,0
CP INF-PRI SANTOS NIÑOS,0
CP EE PABLO PICASSO,0
CEPA DON JUAN I,0
UFIL EL EMPECINADO,0
CEPA.EP CLARA CAMPOAMOR,0
CEPA.EP JOSE HIERRO,0
A. HOSP. AULA HOSPITALARIA HOSP. UNIV.,0
CET PUERTA DE MADRID,0
IES ALKALA-NAHAR,0
IES ALONSO DE AVELLANEDA,0
IES ALONSO QUIJANO,0
IES ANTONIO MACHADO,0
IES ARQUITECTO PEDRO GUMIEL,0
IES ATENEA,0
IES CARDENAL CISNEROS,0
IES COMPLUTENSE,0
IES DOCTOR MARAÑON,0
IES ESCUELA DE HOSTELERIA Y TURISMO,0
IES IGNACIO ELLACURIA,0
IES ISIDRA DE GUZMAN,0
IES ISIDRA DE GUZMÁN,0
IES LAZARO CARRETER,0
IES MATEO ALEMAN,0
EOEP ATEN-TEMPR EQUIPO ATENCION,0
EOEP GENERAL EQUIPO GENERAL ALCALA,0
CP INF-PRI VIRGEN DE LA OLIVA,0
CP INF-PRI ANTONIO MACHADO,0
CP INF-PRI BENITO PEREZ GALDOS,0
CP INF-PRI CARRETAS,0
CP INF-PRI FEDERICO GARCIA LORCA,0
CP INF-PRI LEON FELIPE,0
CP INF-PRI MIGUEL HERNANDEZ,0
CP INF-PRI NUESTRA SEÑORA DE LA,0
CP INF-PRI ROSALIA DE CASTRO,0
CP INF-PRI SAN JUAN BAUTISTA,0
CEPA ENRIQUE TIERNO GALVAN,0
IES EL CARRASCAL,0
IES GRANDE COVIAN,0
IES JOSE SARAMAGO,0
IES LA POVEDA,0
EOEP ATEN-TEMPR EQUIPO ATENCION,0
EOEP GENERAL EQUIPO GENERAL,0
CP INF-PRI BELMONTE DE TAJO,0
CP INF-PRI-SEC FEDERICO GARCIA LORCA,0
CP INF-PRI MIGUEL DELIBES,0
SIES SECCION DEL IES LA POVEDA EN,0
CP INF-PRI SANTA LUCIA,0
CP INF-PRI HERMANOS ORTIZ DE ZARATE,0
IES CARPE DIEM,0
CP INF-PRI APIS AURELIA,0
SIES SECCION DEL IES CARPE DIEM EN,0
EEI LA CAÑADA,0
EEI LA RAMPA,0
CP INF-PRI ALFREDO LANDA,0
CP INF-PRI ANTONI TAPIES,0
CP INF-PRI BLAS DE OTERO,0
CP INF-PRI EL OLIVO,0
CP INF-PRI FELIX RODRIGUEZ DE LA,0
CP INF-PRI GONZALO DE BERCEO,0
CP INF-PRI MENENDEZ PIDAL,0
CP INF-PRI PABLO NERUDA,0
CP INF-PRI ROSALIA DE CASTRO,0
CP INF-PRI SAN ESTEBAN,0
CP INF-PRI SAN PABLO,0
CP INF-PRI SENECA,0
CP INF-PRI TORRES QUEVEDO,0
CP INF-PRI VILLALAR,0
CP INF-PRI WILLIAM SHAKESPEARE,0
CP EE GUADARRAMA,0
CP EE ROSA PARKS,0
CEPA COSLADA,0
IES ANTONIO GAUDI,0
IES LUIS BRAILLE,0
IES LUIS GARCIA BERLANGA,0
IES MANUEL DE FALLA,0
IES MARIA MOLINER,0
IES MIGUEL CATALAN,0
IES RAFAEL ALBERTI,0
EOEP GENERAL EQUIPO GENERAL,0
CP INF-PRI ANGEL BERZAL FERNANDEZ,0
IES MIGUEL DE CERVANTES,0
CP INF-PRI-SEC SALVADOR DE MADARIAGA,0
CP INF-PRI CARLOS RUIZ,0
CEPA.EP MADRID VII ESTREMERA,0
CP INF-PRI ALARILLA,0
CP INF-PRI CHARLES DICKENS,0
CP INF-PRI CONDE DUQUE DE OLIVARES,0
CP INF-PRI DUQUE DE ALBA,0
SIES SECCION DEL IES LUIS DE GONGORA,0
CP INF-PRI GENERAL IZQUIERDO,0
CP INF-PRI GLORIA FUERTES,0
CP INF-PRI SAN SEBASTIAN,0
IES GASPAR SANZ,0
EEI LAS CIGÜEÑAS,0
CP INF-PRI EUROPA,0
CP INF-PRI HENARES,0
CP INF-PRI JARAMA,0
CP INF-PRI MIGUEL DE CERVANTES,0
CP INF-PRI PABLO PICASSO,0
IES LOS OLIVOS,0
IES MIGUEL DELIBES,0
CP INF-PRI CLAUDIO VAZQUEZ,0
SIES SECCION DEL IES ANSELMO LORENZO,0
CP INF-PRI-SEC JUAN DE GOYENECHE,0
CP INF-PRI C.R.A. VEGA DE TAJUÑA,0
CP INF-PRI ANDREA CASAMAYOR,0
CP INF-PRI LAS NAVAS DE TOLOSA,0
CP INF-PRI VIRGEN DE LA RIBERA FUND.,0
CEPA PARACUELLOS DEL JARAMA,0
IES ADOLFO SUAREZ,0
CP INF-PRI NUESTRA SEÑORA DEL,0
CP INF-PRI SAN PEDRO APOSTOL,0
EEI GRIMM,0
CP INF-PRI DULCE CHACON,0
CP INF-PRI EL OLIVAR,0
CP INF-PRI EL PARQUE,0
CP INF-PRI HANS CHRISTIAN ANDERSEN,0
CP INF-PRI HISPANIDAD,0
CP INF-PRI JARAMA,0
CP INF-PRI JOSE HIERRO,0
CP INF-PRI JOSE ITURZAETA,0
CP INF-PRI JOSE SARAMAGO,0
CP INF-PRI LA ESCUELA,0
CP INF-PRI LAS CIGÜEÑAS,0
CP INF-PRI LOS ALMENDROS,0
CP INF-PRI MARIO BENEDETTI,0
CP INF-PRI RAFAEL ALBERTI,0
CP INF-PRI VICTORIA KENT,0
CEPA RIVAS-VACIAMADRID,0
IES ANTARES,0
IES DUQUE DE RIVAS,0
IES EUROPA,0
IES LAS LAGUNAS,0
IES PROFESOR JULIO PEREZ,0
CP INF-PRI-SEC LA LUNA,0
EOEP GENERAL EQUIPO GENERAL RIVAS-,0
EEI EL TAMBOR,0
CP INF-PRI CIUDADES UNIDAS,0
CP INF-PRI EL JARAMA,0
CP INF-PRI EL OLIVAR,0
CP INF-PRI ENRIQUE TIERNO GALVAN,0
CP INF-PRI GUERNICA,0
CP INF-PRI MIGUEL HERNANDEZ,0
CP INF-PRI VILLAR PALASI,0
CEPA SAN FERNANDO DE HENARES,0
IES JAIME FERRAN CLUA,0
IES REY FERNANDO VI,0
IES VEGA DEL JARAMA,0
EOEP ATEN-TEMPR EQUIPO ATENCION,0
CP INF-PRI CLARA CAMPOAMOR,0
CP INF-PRI JORGE GUILLEN,0
CP INF-PRI LOS CERROS CHICOS,0
CP INF-PRI SAN MARCOS,0
CEPA SAN MARTIN DE LA VEGA,0
IES ANSELMO LORENZO,0
CP INF-PRI C.R.A. AMIGOS DE LA PAZ,0
CP INF-PRI LOS SANTOS,0
CP INF-PRI SERRACINES,0
CP INF-PRI CARLOS RUIZ,0
EEI LORETO,0
CP INF-PRI ANDRES SEGOVIA,0
CP INF-PRI ANTONIO MACHADO,0
CP INF-PRI BEETHOVEN,0
CP INF-PRI EL BUEN GOBERNADOR,0
CP INF-PRI GABRIEL Y GALAN,0
CP INF-PRI GINER DE LOS RIOS,0
CP INF-PRI JAIME VERA,0
CP INF-PRI JOAQUIN BLUME,0
CP INF-PRI JUAN RAMON JIMENEZ,0
CP INF-PRI LA GAVIOTA,0
CP INF-PRI LA ZARZUELA,0
CP INF-PRI MIGUEL DE CERVANTES,0
CP INF-PRI MIGUEL HERNANDEZ,0
CP INF-PRI PINOCHO,0
CP INF-PRI RAMON CARANDE,0
CP INF-PRI RAMON Y CAJAL,0
CP INF-PRI SEIS DE DICIEMBRE,0
CP INF-PRI SEVERO OCHOA,0
CP INF-PRI UNO DE MAYO,0
CP INF-PRI VICENTE ALEIXANDRE,0
CP EE IKER CASILLAS,0
CEPA EL BUEN GOBERNADOR,0
IES ISAAC PERAL,0
IES LAS VEREDILLAS,0
IES LEON FELIPE,0
IES LUIS DE GONGORA,0
IES PALAS ATENEA,0
IES VALLE INCLAN,0
IES VICTORIA KENT,0
EOEP GENERAL EQUIPO GENERAL,0
CP INF-PRI NUESTRA SEÑORA DEL,0
CEPA TORRES DE LA ALAMEDA,0
IES SENDA GALIANA,0
CP INF-PRI C.R.A. LOS OLIVOS,0
VALDARACETE,0
CP INF-PRI ANGEL CASTRO,0
CP INF-PRI-SEC MIGUEL DE CERVANTES,0
CP INF-PRI FRANCISCO TOMAS Y VALIENTE,0
CP INF-PRI VALDEMERA,0
IES ANA MARIA MATUTE,0
CP INF-PRI CONCEPCION GARCIA ROBLES,0
CP INF-PRI GREGORIO CANELLA,0
CP INF-PRI PEÑAS ALBAS,0
CP INF-PRI SALVADOR DALI,0
IES DON PELAYO,0
CP INF-PRI NUESTRA SEÑORA DE LA,0
CEPA VILLAREJO DE SALVANES,0
IES NUESTRA SEÑORA DE LA VICTORIA DE,0
IES VILLAREJO DE SALVANÉS,0
EOEP GENERAL EQUIPO GENERAL,0
CP INF-PRI RAMON LINACERO,0
CP INF-PRI ANTONIO MACHADO,0
CP INF-PRI BACHILLER ALONSO LOPEZ,0
CP INF-PRI CASTILLA,0
CP INF-PRI DAOIZ Y VELARDE,0
CP INF-PRI EMILIO CASADO,0
CP INF-PRI FEDERICO GARCIA LORCA,0
CP INF-PRI GABRIEL Y GALAN,0
CP INF-PRI LUIS BUÑUEL,0
CP INF-PRI MIGUEL HERNANDEZ,0
CP INF-PRI MIRAFLORES,0
CP INF-PRI PARQUE DE CATALUÑA,0
CP INF-PRI PROFESOR TIERNO GALVAN,0
CP INF-PRI SEIS DE DICIEMBRE,0
CP INF-PRI VALDEPALITOS,0
IES AGORA,0
IES ALDEBARAN,0
IES FRANCISCO GINER DE LOS RIOS,0
IES SEVERO OCHOA,0
IES VIRGEN DE LA PAZ,0
EOEP GENERAL EQUIPO GENERAL,0
CP INF-PRI JONATHAN GALEA,0
CP INF-PRI OBISPO MOSCOSO,0
CP INF-PRI PADRE JERONIMO,0
CP INF-PRI PEDRO MUÑOZ SECA,0
CP INF-PRI VALDERREY,0
CP INF-PRI VIRGEN DE VALDERRABE,0
IES AL-SATT,0
IES GUSTAVO ADOLFO BECQUER,0
CP INF-PRI-SEC SANTO DOMINGO,0
CEPA BUITRAGO DE LOZOYA,0
CP INF-PRI-SEC PEÑALTA,0
CP INF-PRI MONTELINDO,0
CP INF-PRI C.R.A. DE CABANILLAS DE LA,0
CP INF-PRI PICO DE LA MIEL,0
IES DE LA CABRERA,0
EOEP ATEN-TEMPR EQUIPO ATENCION,0
EOEP GENERAL EQUIPO GENERAL LA,0
CP INF-PRI-SEC VILLA DE COBEÑA,0
EEI LOS ARCOS,0
CP INF-PRI ANGEL LEON,0
CP INF-PRI ANTONIO MACHADO,0
CP INF-PRI FEDERICO GARCIA LORCA,0
CP INF-PRI FUENTESANTA,0
CP INF-PRI HEROES DEL 2 DE MAYO,0
CP INF-PRI SAN ANDRES,0
CP INF-PRI SOLEDAD SAINZ,0
CP INF-PRI TIRSO DE MOLINA,0
CP INF-PRI VIRGEN DE LOS REMEDIOS,0
CP EE MIGUEL HERNANDEZ,0
CEPA COLMENAR VIEJO,0
IES ANGEL CORELLA,0
IES MARQUES DE SANTILLANA,0
IES ROSA CHACEL,0
EOEP GENERAL EQUIPO GENERAL,0
CP INF-PRI-SEC MARTINA GARCIA,0
CP INF-PRI ALEJANDRO RUBIO,0
IES LUIS GARCIA BERLANGA,0
CP INF-PRI C.R.A. DE LOZOYA,0
CP INF-PRI C.R.A. DE LOZOYUELA,0
CP INF-PRI VIRGEN DE LA PEÑA SACRA,0
CP INF-PRI-SEC VICENTE ALEIXANDRE,0
CP INF-PRI ARCO DE LA SIERRA,0
CP INF-PRI NUESTRA SEÑORA DEL,0
CEPA ATALAYAS,0
IES CORTES DE CADIZ,0
CP INF-PRI C.R.A. EL JARAMA,0
CP INF-PRI SAN MIGUEL,0
CP INF-PRI SANTA ANA,0
CP INF-PRI ENRIQUE DE MESA,0
CP INF-PRI INFANTA LEONOR,0
CP INF-PRI VIRGEN DE NAVALAZARZA,0
IES SAN AGUSTIN DE GUADALIX,0
EEI LA COMBA,0
CP INF-PRI ANTONIO BUERO VALLEJO,0
CP INF-PRI ANTONIO MACHADO,0
CP INF-PRI ENRIQUE TIERNO GALVAN,0
CP INF-PRI FRANCISCO CARRILLO,0
CP INF-PRI FUENTE SANTA,0
CP INF-PRI INFANTAS ELENA Y CRISTINA,0
CP INF-PRI LEON FELIPE,0
CP INF-PRI MIGUEL DELIBES,0
CP INF-PRI NUESTRA SEÑORA DE,0
CP INF-PRI PRINCIPE FELIPE,0
CP INF-PRI SAN SEBASTIAN,0
CP INF-PRI SILVIO ABAD,0
CP INF-PRI TEMPRANALES,0
CP INF-PRI TERESA DE CALCUTA,0
CP INF-PRI V CENTENARIO,0
CP EE VICENTE FERRER,0
CEPA SAN SEBASTIAN DE LOS REYES,0
IES ATENEA,0
IES GONZALO TORRENTE BALLESTER,0
IES JOAN MIRO,0
IES JUAN DE MAIRENA,0
IES JULIO PALACIOS,0
EOEP ATEN-TEMPR EQUIPO ATENCION,0
EOEP GENERAL EQUIPO GENERAL SAN,0
CP INF-PRI CHOZAS DE LA SIERRA,0
CP INF-PRI VIRGEN DEL ROSARIO,0
CEPA.EP YUCATAN,0
IES SIERRA DE GUADARRAMA,0
CP INF-PRI-SEC SANSUEÑA,0
CP INF-PRI CARDENAL CISNEROS,0
CEPA SIERRA NORTE,0
IES ALTO JARAMA,0
EEI LA FORESTA,0
CP INF-PRI ALDEBARAN,0
CP INF-PRI ANTONIO OSUNA,0
CP INF-PRI CARMEN HERNANDEZ GUARCH,0
CP INF-PRI CARMEN IGLESIAS,0
CP INF-PRI CIUDAD DE COLUMBIA,0
CP INF-PRI CIUDAD DE NEJAPA,0
CP INF-PRI GABRIEL GARCIA MARQUEZ,0
CP INF-PRI MIGUEL DE CERVANTES,0
CP INF-PRI TIERNO GALVAN,0
IES JORGE MANRIQUE,0
IES JOSE LUIS SAMPEDRO,0
IES PINTOR ANTONIO LOPEZ,0
EOEP ATEN-TEMPR EQUIPO ATENCION,0
CP INF-PRI-SEC JESUS ARAMBURU,0
CP INF-PRI EL VELLON,0
CP INF-PRI-SEC PUERTA DE LA SIERRA,0
CP INF-PRI CLARA CAMPOAMOR,0
CP INF-PRI EL PERALEJO,0
CP INF-PRI LOS NEGRALES,0
CP INF-PRI SANTA QUITERIA,0
IES ALPEDRETE,0
CP INF-PRI-SEC JUAN RAMON JIMENEZ,0
CP INF-PRI AGORA,0
CP INF-PRI FEDERICO GARCIA LORCA,0
CP INF-PRI JOSE BERGAMIN GUTIERREZ,0
CP INF-PRI TERESA BERGANZA,0
IES ARQUITECTO VENTURA RODRIGUEZ,0
IES PROFESOR MAXIMO TRUEBA,0
CP INF-PRI-SEC PRINCIPE DON FELIPE,0
CP INF-PRI-SEC SAN SEBASTIAN,0
CP INF-PRI MARIA DE MAEZTU,0
CP INF-PRI VIA ROMANA,0
IES LA DEHESILLA,0
CP INF-PRI ANTONIO MACHADO,0
CP INF-PRI CANTOS ALTOS,0
CP INF-PRI CAÑADA REAL,0
CP INF-PRI DANIEL VAZQUEZ DIAZ,0
CP INF-PRI EL ENEBRAL,0
CP INF-PRI MARIANO BENLLIURE,0
CP INF-PRI MIGUEL DE CERVANTES,0
CP INF-PRI MIGUEL DELIBES,0
CP INF-PRI PROFESOR DON ENRIQUE,0
CP INF-PRI ROSA CHACEL,0
CP EE PEÑALARA,0
CEPA EL PONTON,0
IES JAIME FERRAN,0
IES LAS CANTERAS,0
IES LAZARO CARDENAS,0
IES MARIA GUERRERO,0
EOEP GENERAL EQUIPO GENERAL,0
CP INF-PRI VIRGEN DE LA PAZ,0
CEPA SIERRA DE GUADARRAMA,0
IES GONZALO ANES,0
CP INF-PRI LAS VEREDAS,0
CP INF-PRI SEIS DE DICIEMBRE,0
IES GREGORIO PECES-BARBA,0
EEI PADRE GERARDO GIL,0
CP PRI FELIPE II,0
IES EL ESCORIAL,0
CP INF-PRI SAN BARTOLOME,0
CP INF-PRI CARLOS RUIZ,0
CP INF-PRI JACINTO BENAVENTE,0
CP INF-PRI LA NAVATA,0
CP INF-PRI SAN GREGORIO,0
CEPA LA OREJA VERDE,0
IES CAÑADA REAL,0
IES INFANTA ELENA,0
CP INF-PRI SIERRA DE GUADARRAMA,0
CP INF-PRI VILLA DE GUADARRAMA,0
CET GUADARRAMA,0
IES DE GUADARRAMA,0
EOEP GENERAL EQUIPO GENERAL DE,0
CP INF-PRI VIRGEN DE LA ENCINA,0
IES FRANCISCO AYALA,0
CP INF-PRI ANTONIO MACHADO,0
CP INF-PRI BENITO PEREZ GALDOS,0
CP INF-PRI EL TEJAR,0
CP INF-PRI FEDERICO GARCIA LORCA,0
CP INF-PRI FRANCISCO DE QUEVEDO,0
CP INF-PRI ROSALIA DE CASTRO,0
CP INF-PRI SAN PIO X,0
CP INF-PRI SANTA CATALINA,0
CEPA MARIO VARGAS LLOSA,0
A. HOSP. HOSPITAL PUERTA DE HIERRO,0
IES CARLOS BOUSOÑO,0
IES JOSE SARAMAGO,0
IES LEONARDO DA VINCI,0
IES MARGARITA SALAS,0
IES MARIA DE ZAYAS Y SOTOMAYOR,0
CP INF-PRI JOSEFINA CARABIAS,0
CP INF-PRI DIVINO MAESTRO,0
CP INF-PRI EL RASO,0
CP INF-PRI SAN MIGUEL ARCANGEL,0
IES CARMEN MARTÍN GAITE,0
CP INF-PRI PRINCIPE DE ASTURIAS,0
CP INF-PRI SAN MIGUEL,0
EEI LOS ALAMOS,0
CP INF-PRI ASUNCION DE NUESTRA,0
CP INF-PRI DIVINO MAESTRO,0
CP INF-PRI INFANTA ELENA,0
CP INF-PRI LAS ACACIAS,0
CP INF-PRI PINAR PRADOS DE TORREJON,0
CP INF-PRI SAN JOSE OBRERO,0
CEPA POZUELO DE ALARCON,0
IES CAMILO JOSE CELA,0
IES GERARDO DIEGO,0
IES SAN JUAN DE LA CRUZ,0
CP INF-PRI-SEC LOS ANGELES,0
CP INF-PRI-SEC PRINCIPES DE ASTURIAS,0
EOEP ATEN-TEMPR EQUIPO ATENCION,0
EOEP GENERAL EQUIPO GENERAL,0
CP INF-PRI PRINCIPES DE ASTURIAS,0
CP INF-PRI NUESTRA SEÑORA DE,0
IES SABINO FERNANDEZ CAMPO,0
CP INF-PRI FERNANDO DE LOS RIOS,0
CP INF-PRI LA ENCINA,0
CP INF-PRI LOS JARALES-MONTERROZAS,0
CP INF-PRI LOS OLIVOS,0
CP INF-PRI MARIO VARGAS LLOSA,0
CP INF-PRI SAN JOSE,0
CP INF-PRI SAN MIGUEL,0
CP INF-PRI SIGLO XXI,0
CP INF-PRI VICENTE ALEIXANDRE,0
CP EE MONTE ABANTOS,0
CEPA LAS ROZAS,0
IES CARMEN CONDE,0
IES EL BURGO-IGNACIO ECHEVERRÍA,0
IES FEDERICO GARCIA LORCA,0
IES JOSE GARCIA NIETO,0
IES LAS ROZAS I,0
CP INF-PRI-SEC EL CANTIZAL,0
EOEP GENERAL EQUIPO GENERAL DE LAS,0
EEI MONTE ABANTOS,0
CP INF-PRI ANTONIORROBLES,0
CP INF-PRI SAN LORENZO,0
CEPA PEDRO MARTINEZ GAVITO,0
IES JUAN DE HERRERA,0
EOEP GENERAL EQUIPO GENERAL,0
EEI EL TOMILLAR,0
CP INF-PRI LOS ANGELES,0
CP INF-PRI NUESTRA SEÑORA DE,0
CEPA ALMAJAN,0
IES DIEGO VELAZQUEZ,0
CP INF-PRI-SEC EL ENCINAR,0
EOEP ATEN-TEMPR EQUIPO ATENCION,0
CP INF-PRI JUAN FALCO,0
IES VALMAYOR,0
CP INF-PRI SANTIAGO APOSTOL,0
CEPA LA MESTA,0
IES LAS ENCINAS,0
CP INF-PRI-SEC MARIA MOLINER,0
CP INF-PRI-SEC PADRE GARRALDA,0
EOEP ATEN-TEMPR EQUIPO ATENCÍON,0
CP INF-PRI CARPE DIEM,0
CP INF-PRI RAYUELA,0
CP INF-PRI SAN LUCAS,0
IES SAPERE AUDE,0
CP INF-PRI C.R.A. SIERRA OESTE,0
CP INF-PRI EL ALAMO,0
IES EL ALAMO,0
EEI LOS PINGÜINOS,0
CP INF-PRI AGUSTIN DE ARGÜELLES,0
CP INF-PRI BELLAS VISTAS,0
CP INF-PRI BLAS DE OTERO,0
CP INF-PRI CARMEN CONDE,0
CP INF-PRI CHAVES NOGALES,0
CP INF-PRI CLARA CAMPOAMOR,0
CP INF-PRI CLAUDIO SANCHEZ ALBORNOZ,0
CP INF-PRI DANIEL MARTIN,0
CP INF-PRI FEDERICO GARCIA LORCA,0
CP INF-PRI FERNANDO DE LOS RIOS,0
CP INF-PRI FUENTE DEL PALOMAR,0
CP INF-PRI ISABEL LA CATOLICA,0
CP INF-PRI JESUS VARELA,0
CP INF-PRI JOAQUIN COSTA,0
CP INF-PRI LOS CASTILLOS,0
CP INF-PRI MIGUEL HERNANDEZ,0
CP INF-PRI PARQUE DE LISBOA,0
CP INF-PRI PARROCO D. VICTORIANO,0
CP INF-PRI SAN JOSE DE VALDERAS,0
CP INF-PRI SANTIAGO RAMON Y CAJAL,0
CP INF-PRI SANTO DOMINGO,0
CP INF-PRI VICENTE ALEIXANDRE,0
CP EE SEVERO OCHOA,0
CEPA ALFAR,0
A. HOSP. AULA HOSPITALARIA FUNDACION,0
IES EL PINAR,0
IES GALILEO GALILEI,0
IES ITACA,0
IES JORGE GUILLEN,0
IES JOSEFINA ALDECOA,0
IES LA ARBOLEDA,0
IES LOS CASTILLOS,0
IES LUIS BUÑUEL,0
IES PARQUE DE LISBOA,0
IES PRADO DE SANTO DOMINGO,0
CP INF-PRI-SEC MIGUEL DE CERVANTES,0
EOEP ATEN-TEMPR EQUIPO ATENCION,0
EOEP GENERAL EQUIPO GENERAL,0
CP INF-PRI NUESTRA SEÑORA DE FATIMA,0
EEI JARDINES DE ARANJUEZ,0
CP INF-PRI CARLOS III,0
CP INF-PRI SAN FERNANDO,0
CP INF-PRI SAN ISIDRO,0
CP INF-PRI SAN JOSE DE CALASANZ,0
CP INF-PRI SANTA TERESA DE JESUS,0
CP INF-PRI VICENTE ALEIXANDRE,0
CP EE PRINCIPE DE ASTURIAS,0
CEPA JOSE LUIS SAMPEDRO,0
CEPA.EP DULCE CHACON,0
IES ALPAJES,0
IES DOMENICO SCARLATTI,0
IES SANTIAGO RUSIÑOL,0
CP INF-PRI-SEC MAESTRO RODRIGO,0
EOEP ATEN-TEMPR EQUIPO ATENCION,0
EOEP GENERAL EQUIPO GENERAL,0
CP INF-PRI AVERROES,0
CP INF-PRI EL TORREON,0
CP INF-PRI FRANCISCO DE ORELLANA,0
CP INF-PRI LAS CASTAÑERAS,0
CP INF-PRI LEGAZPI,0
IES GABRIELA MISTRAL,0
IES GONZALO CHACON,0
CP INF-PRI MANUEL JOSE QUINTANA,0
CP INF-PRI AGORA,0
CP INF-PRI BATALLA DE BRUNETE,0
IES ALFONSO MORENO,0
CP INF-PRI-SEC EUGENIO MURO,0
CP INF-PRI TOME Y ORGAZ,0
CP INF-PRI-SEC SUAREZ SOMONTE,0
CP INF-PRI-SEC SANTO ANGEL DE LA,0
CP INF-PRI ANDRES SEGOVIA,0
CP INF-PRI ELOY SAAVEDRA,0
CP INF-PRI VENTURA RODRIGUEZ,0
CP INF-PRI VIRGEN DEL CONSUELO,0
IES FRANCISCO UMBRAL,0
IES JUAN CARLOS I,0
CP INF-PRI SAN VICENTE,0
CP INF-PRI FUENTES CLARAS,0
CP INF-PRI NUESTRA SEÑORA DE LA,0
IES SOR JUANA DE LA CRUZ,0
EEI EL LAGO,0
EEI VALLE DE ORDESA,0
CP INF-PRI ANDRES MANJON,0
CP INF-PRI ANTONIO MACHADO,0
CP INF-PRI ARCIPRESTE DE HITA,0
CP INF-PRI AULA 3,0
CP INF-PRI BENITO PEREZ GALDOS,0
CP INF-PRI CARLOS CANO,0
CP INF-PRI CERVANTES,0
CP INF-PRI CLARA CAMPOAMOR,0
CP INF-PRI DULCE CHACON,0
CP INF-PRI EL TRIGAL,0
CP INF-PRI ENRIQUE TIERNO GALVAN,0
CP INF-PRI FRANCISCO DE GOYA,0
CP INF-PRI FRANCISCO DE QUEVEDO,0
CP INF-PRI FREGACEDOS,0
CP INF-PRI GINER DE LOS RIOS,0
CP INF-PRI GREEN PEACE,0
CP INF-PRI JOHN LENNON,0
CP INF-PRI JUAN DE LA CIERVA,0
CP INF-PRI LA CAÑADA,0
CP INF-PRI LEON FELIPE,0
CP INF-PRI LOPE DE VEGA,0
CP INF-PRI LORANCA,0
CP INF-PRI MAESTRA TRINIDAD GARCIA,0
CP INF-PRI MANUEL DE FALLA,0
CP INF-PRI MANUELA MALASAÑA,0
CP INF-PRI MIGUEL HERNANDEZ,0
CP INF-PRI PABLO NERUDA,0
CP INF-PRI POETISA CELIA VIÑAS,0
CP INF-PRI RAYUELA,0
CP INF-PRI ROSALIA DE CASTRO,0
CP INF-PRI SAN ESTEBAN,0
CP INF-PRI SANTIAGO RAMON Y CAJAL,0
CP INF-PRI VICENTE BLASCO IBAÑEZ,0
CP INF-PRI VICTOR JARA,0
CP INF-PRI YVONNE BLAKE,0
CP EE JUAN XXIII,0
CP EE SOR JUANA INES DE LA CRUZ,0
CEPA PAULO FREIRE,0
UFIL MARGARITA SALAS,0
A. HOSP. AULA HOSPITALARIA DE,0
IES AFRICA,0
IES BARRIO LORANCA,0
IES CARPE DIEM,0
IES DIONISIO AGUADO,0
IES DOLORES IBARRURI,0
IES FEDERICA MONTSENY,0
IES GASPAR MELCHOR DE JOVELLANOS,0
IES JIMENA MENENDEZ PIDAL,0
IES JOAQUIN ARAUJO,0
IES JOSE LUIS LOPEZ ARANGUREN,0
IES JULIO CARO BAROJA,0
IES LA SERNA,0
IES SALVADOR ALLENDE,0
IES VICTORIA KENT,0
CP INF-PRI-SEC SALVADOR DALI,0
CP INF-PRI-SEC VELAZQUEZ,0
EOEP ATEN-TEMPR EQUIPO ATENCION,0
EOEP GENERAL EQUIPO GENERAL,0
EEI CASCANUECES,0
EEI LA LUNA,0
CP INF-PRI ANA MARIA MATUTE,0
CP INF-PRI CIUDAD DE GETAFE,0
CP INF-PRI CIUDAD DE MADRID,0
CP INF-PRI CONCEPCION ARENAL,0
CP INF-PRI DAOIZ Y VELARDE,0
CP INF-PRI DOCTOR SEVERO OCHOA,0
CP INF-PRI EL BERCIAL,0
CP INF-PRI EMPERADOR CARLOS V,0
CP INF-PRI ENRIQUE TIERNO GALVAN,0
CP INF-PRI FERNANDO DE LOS RIOS,0
CP INF-PRI FRANCISCO DE QUEVEDO,0
CP INF-PRI GABRIEL GARCIA MARQUEZ,0
CP INF-PRI GLORIA FUERTES,0
CP INF-PRI JORGE GUILLEN,0
CP INF-PRI JULIAN BESTEIRO,0
CP INF-PRI JULIO CORTAZAR,0
CP INF-PRI LA ALHONDIGA,0
CP INF-PRI MANUEL NUÑEZ DE ARENAS,0
CP INF-PRI MARIA BLANCHARD,0
CP INF-PRI MARIANA PINEDA,0
CP INF-PRI MIGUEL HERNANDEZ,0
CP INF-PRI ORTIZ ECHAGÜE,0
CP INF-PRI ROSALIA DE CASTRO,0
CP INF-PRI SAGRADO CORAZON,0
CP INF-PRI SAN JOSE DE CALASANZ,0
CP INF-PRI SANTA MARGARITA MARIA,0
CP INF-PRI SESEÑA Y BENAVENTE,0
CP INF-PRI VICENTE FERRER,0
CP EE SANTIAGO RAMON Y CAJAL,0
CEPA CASA DE LA CULTURA,0
A. HOSP. AULA HOSPITALARIA HOSP. UNIV.,0
IES ALARNES,0
IES ALTAIR,0
IES ANTONIO LOPEZ GARCÍA,0
IES ELISA SORIANO FISCHER,0
IES ICARO,0
IES IGNACIO ALDECOA,0
IES JOSÉ HIERRO,0
IES LA SENDA,0
IES LAGUNA DE JOATZEL,0
IES LEON FELIPE,0
IES MATEMATICO PUIG ADAM,0
IES MENENDEZ PELAYO,0
IES SATAFI,0
CP INF-PRI-SEC MIGUEL DE CERVANTES,0
EOEP ATEN-TEMPR EQUIPO ATENCION,0
EOEP GENERAL EQUIPO GENERAL GETAFE,0
CP INF-PRI GARCILASO DE LA VEGA,0
IES GRIÑON,0
CP INF-PRI CAMPOHERMOSO,0
CP INF-PRI HERMANOS TORA,0
CP INF-PRI PEDRO BRIMONIS,0
CP INF-PRI SANTO DOMINGO DE GUZMAN,0
CEPA MANCOMUNIDAD DEL SUROESTE,0
IES FERNANDO FERNAN GOMEZ,0
IES HUMANES,0
EEI EL CUCO,0
EEI LOPE DE VEGA,0
CP INF-PRI ABEN HAZAM,0
CP INF-PRI ANDRES SEGOVIA,0
CP INF-PRI ANGEL GONZALEZ,0
CP INF-PRI ANTONIO MACHADO,0
CP INF-PRI CALDERON DE LA BARCA,0
CP INF-PRI CARMEN CONDE,0
CP INF-PRI CONCEPCION ARENAL,0
CP INF-PRI CONSTITUCION DE 1812,0
CP INF-PRI FEDERICO GARCIA LORCA,0
CP INF-PRI FRANCISCO DE QUEVEDO,0
CP INF-PRI GABRIELA MORREALE,0
CP INF-PRI GERARDO DIEGO,0
CP INF-PRI GINER DE LOS RIOS,0
CP INF-PRI GONZALO DE BERCEO,0
CP INF-PRI JACINTO BENAVENTE,0
CP INF-PRI JOAN MIRO,0
CP INF-PRI JOSE MARIA DE PEREDA,0
CP INF-PRI JUAN DE AUSTRIA,0
CP INF-PRI LEON FELIPE,0
CP INF-PRI LEPANTO,0
CP INF-PRI LOPE DE VEGA,0
CP INF-PRI LUIS DE GONGORA,0
CP INF-PRI MANUEL VAZQUEZ MONTALBAN,0
CP INF-PRI MARQUES DE LEGANES,0
CP INF-PRI MIGUEL DE CERVANTES,0
CP INF-PRI MIGUEL DELIBES,0
CP INF-PRI MIGUEL HERNANDEZ,0
CP INF-PRI ORTEGA Y GASSET,0
CP INF-PRI PARDO BAZAN,0
CP INF-PRI PEREZ GALDOS,0
CP INF-PRI PIO BAROJA,0
CP INF-PRI TRABENCO,0
CP INF-PRI VICTOR PRADERA,0
CP EE ALFONSO X EL SABIO,0
CEPA ROSALIA DE CASTRO,0
UFIL PRIMERO DE MAYO,0
A. HOSP. AULA HOSPITALARIA SEVERO,0
IES ARQUITECTO PERIDIS,0
IES BUTARQUE,0
IES ENRIQUE TIERNO GALVAN,0
IES GABRIEL GARCIA MARQUEZ,0
IES ISAAC ALBENIZ,0
IES JOSE DE CHURRIGUERA,0
IES JULIO VERNE,0
IES LA FORTUNA,0
IES LUIS VIVES,0
IES MARIA ZAMBRANO,0
IES PABLO NERUDA,0
IES PEDRO DUQUE,0
IES RAFAEL FRÜHBECK DE BURGOS,0
IES SALVADOR DALI,0
IES SAN NICASIO,0
IES SIGLO XXI,0
EOEP ATEN-TEMPR EQUIPO ATENCION,0
EOEP GENERAL EQUIPO GENERAL LEGANES,0
CP INF-PRI SANTA TERESA,0
SIES SECCION DEL IES AFRICA EN,0
EEI COLORES,0
EEI EL JUGLAR,0
EEI EL PEQUEÑO SAUCE,0
CP INF-PRI ALFONSO R. CASTELAO,0
CP INF-PRI ALONSO CANO,0
CP INF-PRI ANDRES SEGOVIA,0
CP INF-PRI ANDRES TORREJON,0
CP INF-PRI ANTONIO HERNANDEZ,0
CP INF-PRI ANTUSANA,0
CP INF-PRI BEATO SIMON DE ROJAS,0
CP INF-PRI BENITO PEREZ GALDOS,0
CP INF-PRI BLAS DE OTERO,0
CP INF-PRI CELSO EMILIO FERREIRO,0
CP INF-PRI CIUDAD DE ROMA,0
CP INF-PRI FEDERICO GARCIA LORCA,0
CP INF-PRI GABRIEL CELAYA,0
CP INF-PRI JOAN MIRO,0
CP INF-PRI JORGE GUILLEN,0
CP INF-PRI JUAN OCAÑA,0
CP INF-PRI JUAN PEREZ VILLAAMIL,0
CP INF-PRI JULIAN BESTEIRO,0
CP INF-PRI LAS CUMBRES,0
CP INF-PRI LEON FELIPE,0
CP INF-PRI LEONARDO DA VINCI,0
CP INF-PRI LUIS ALVAREZ LENCERO,0
CP INF-PRI MARGARITA XIRGU,0
CP INF-PRI MARIA MONTESSORI,0
CP INF-PRI MARUJA MALLO,0
CP INF-PRI MIGUEL DELIBES,0
CP INF-PRI PABLO SARASATE,0
CP INF-PRI PABLO SOROZABAL,0
CP INF-PRI PIO BAROJA,0
CP INF-PRI PRINCIPE DE ASTURIAS,0
CP INF-PRI RAFAEL ALBERTI,0
CP INF-PRI RIO BIDASOA,0
CP INF-PRI ROSALIA DE CASTRO,0
CP INF-PRI SALZILLO-VALLE INCLAN,0
CP INF-PRI SEVERO OCHOA,0
CP INF-PRI VICENTE ALEIXANDRE,0
CP EE MIGUEL DE UNAMUNO,0
CEPA AGUSTINA DE ARAGON,0
UFIL PABLO NERUDA,0
A. HOSP. AULA HOSPITALARIA HOSP. GRAL.,0
IES ANTONIO DE NEBRIJA,0
IES ANTONIO GALA,0
IES BENJAMIN RUA,0
IES CLARA CAMPOAMOR,0
IES EUROPA,0
IES FELIPE TRIGO,0
IES GABRIEL CISNEROS,0
IES JUAN GRIS,0
IES LOS ROSALES,0
IES LUIS BUÑUEL,0
IES MANUEL DE FALLA,0
IES MANUELA MALASAÑA,0
IES MIGUEL DE CERVANTES,0
IES MIGUEL HERNÁNDEZ,0
IES RAYUELA,0
IES VELAZQUEZ,0
EOEP ATEN-TEMPR EQUIPO ATENCION,0
EOEP GENERAL EQUIPO GENERAL,0
CP INF-PRI CARLOS RUIZ,0
CP INF-PRI FELIPE IV,0
CP INF-PRI JOSE JALON,0
CEPA GLORIA FUERTES,0
CEPA.EP ALBORADA,0
IES CARMEN MARTIN GAITE,0
IES PROFESOR ANGEL YSERN,0
CP INF-PRI-SEC MARIA MARTIN,0
EOEP ATEN-TEMPR EQUIPO ATENCION,0
EOEP GENERAL EQUIPO GENERAL,0
CP INF-PRI-SEC ISABEL LA CATOLICA,0
CP INF-PRI ANTONIO MACHADO,0
CP INF-PRI BLAS DE LEZO,0
CP INF-PRI CIUDAD DE MERIDA,0
CP INF-PRI CIUDAD DE PARLA,0
CP INF-PRI CLARA CAMPOAMOR,0
CP INF-PRI GERARDO DIEGO,0
CP INF-PRI GINER DE LOS RIOS,0
CP INF-PRI JOSE HIERRO,0
CP INF-PRI JULIAN BESTEIRO,0
CP INF-PRI LA PALOMA,0
CP INF-PRI LOS LAGOS,0
CP INF-PRI LUIS VIVES,0
CP INF-PRI MADRE TERESA DE CALCUTA,0
CP INF-PRI MAGERIT,0
CP INF-PRI MARIA MOLINER,0
CP INF-PRI MIGUEL DELIBES,0
CP INF-PRI MIGUEL HERNANDEZ,0
CP INF-PRI PABLO PICASSO,0
CP INF-PRI ROSA LUXEMBURGO,0
CP INF-PRI ROSA MONTERO,0
CP INF-PRI SENECA,0
CP INF-PRI VIRGEN DEL CARMEN,0
CP EE MARIA MONTESSORI,0
CEPA RAMON Y CAJAL,0
UFIL SAN RAMON,0
IES EL OLIVO,0
IES ENRIQUE TIERNO GALVAN,0
IES HUMANEJOS,0
IES LA LAGUNA,0
IES LAS AMERICAS,0
IES MANUEL ELKIN PATARROYO,0
IES NARCIS MONTURIOL,0
IES NICOLAS COPERNICO,0
EOEP ATEN-TEMPR EQUIPO ATENCION,0
EOEP GENERAL EQUIPO GENERAL PARLA,0
CP INF-PRI RIO ALBERCHE,0
CP INF-PRI BUENOS AIRES,0
CP INF-PRI DOS DE MAYO,0
CP INF-PRI EL PRADO,0
CP INF-PRI EUROPA,0
CP INF-PRI ISABEL LA CATOLICA,0
CP INF-PRI LAS ARTES,0
CEPA MARIANO JOSE DE LARRA,0
IES CALDERON DE LA BARCA,0
IES PABLO PICASSO,0
IES VICENTE ALEIXANDRE,0
EOEP GENERAL EQUIPO GENERAL PINTO,0
CP INF-PRI CARLOS RUIZ,0
CP INF-PRI SAN MARTIN DE TOURS,0
CP INF-PRI VIRGEN DE LA NUEVA,0
CEPA SAN MARTIN DE VALDEIGLESIAS,0
IES PEDRO DE TOLOSA,0
EOEP ATEN-TEMPR EQUIPO ATENCION,0
EOEP GENERAL EQUIPO GENERAL SAN,0
CP INF-PRI EL POETA,0
CP INF-PRI ANTON SEVILLANO,0
CP INF-PRI DUQUE DE RIVAS,0
IES SEVILLA LA NUEVA,0
CP INF-PRI VIRGEN DEL ROSARIO,0
CP INF-PRI ABAD Y HARIJA,0
CP INF-PRI SAN JOSE,0
IES MIGUEL DELIBES,0
CP INF-PRI NUESTRA SEÑORA DEL PILAR,0
CP INF-PRI CRISTO DE LA SALUD,0
CP INF-PRI DIEGO MUÑOZ-TORRERO,0
CP INF-PRI DÑA. LEONOR DEL ALAMO,0
CP INF-PRI FRAY PEDRO DE AGUADO,0
CP INF-PRI FUENTE DE LA VILLA,0
CP INF-PRI MAESTRO ROMAN BAILLO,0
CP INF-PRI NUESTRA SEÑORA DEL,0
CP INF-PRI PEDRO ANTONIO DE ALARCÓN,0
CP INF-PRI PEDRO LOPEZ DE LERENA,0
CP INF-PRI VICENTE ALEIXANDRE,0
CP EE Nº 1 DE VALDEMORO,0
CEPA HERMANOS CORREA,0
CEPA.EP ALONSO QUIJANO,0
IES AVALON,0
IES MAESTRO MATIAS BRAVO,0
IES NEIL ARMSTRONG,0
IES VILLA DE VALDEMORO,0
EOEP GENERAL EQUIPO GENERAL,0
CP INF-PRI NUESTRA SEÑORA DE LA,0
IES MAESTRO JUAN MARIA LEONET,0
CP INF-PRI SAN DAMASO,0
CP INF-PRI-SEC SAN MIGUEL,0
CP INF-PRI CRISTO DE LA CAMPANA,0
CP INF-PRI GANDHI,0
CP INF-PRI HERMANOS GARCIA NOBLEJAS,0
CP INF-PRI LAURA GARCIA NOBLEJAS Y,0
IES CALATALIFA,0
IES CENTRO DE CAPACITACION AGRARIA,0
